Revenues . 2019,,,,,,,,,,,,,,,,,,,,
,,,,كهرب,,,,,,,,,,,,,,,,
,, ,,,,,,,,,,,,,,,,,,
Date,رقم القيد,التوصيف,اسم المشروع معدل,اسم المشروع,Type,مبلغ القيد,Code,,,,,,,,,,,,,
01-Jan-2021,349,مبيعات خرسانه الجيزه,محطه خلط رويه,محطه خلط رويه,محطات خلط الخرسانه,"62,614.04 ",3001,,,,,,,,,,,0,70ع الشمس,كهرباء مول غرب الشروق
01-Jan-2021,350,مبيعات خرسانه الميدان,محطه خلط رويه,محطه خلط رويه,محطات خلط الخرسانه,"47,894.74 ",3001,,,,,,,,,,,0,المبنى الادارى -مدينه نصر,
01-Jan-2021,351,مبيعات خرسانه AHM,محطه خلط رويه,محطه خلط رويه,محطات خلط الخرسانه,"17,473.68 ",3001,,,,,,,,,,,0,الريهام,
01-Jan-2021,352,مبيعات خرسانه بنادر,محطه خلط رويه,محطه خلط رويه,محطات خلط الخرسانه,"249,456.14 ",3001,,,,,,,,,,,0,ارض الشركه,
01-Jan-2021,353,مبيعات خرسانه القاهره,محطه خلط رويه,محطه خلط رويه,محطات خلط الخرسانه,"376,166.67 ",3001,,,,,,,,,,,0,18 برج كارفور,
01-Jan-2021,354,مبيعات خرسانه سكوير,محطه خلط رويه,محطه خلط رويه,محطات خلط الخرسانه,"4,368.42 ",3001,,,,,,,,,,,0,مول دارنا,
01-Jan-2021,421,مبيعات خرسانه الجيزه,محطه خلط رويه,محطه خلط رويه,محطات خلط الخرسانه,"32,035.09 ",3001,,,,,,,,,,,0,رويه الاستثمار العقارى,
01-Jan-2021,422,مبيعات خرسانه الميدان,محطه خلط رويه,محطه خلط رويه,محطات خلط الخرسانه,"7,394.74 ",3001,,,,,,,,,,,0,ت الواحدت المباعه,
01-Jan-2021,423,مبيعات خرسانه بنادر,محطه خلط رويه,محطه خلط رويه,محطات خلط الخرسانه,"155,543.86 ",3001,,,,,,,,,,,,,
01-Jan-2021,424,مبيعات خرسانه القاهره,محطه خلط رويه,محطه خلط رويه,محطات خلط الخرسانه,"375,087.72 ",3001,,,,,,,,,,,0,جراج عمارة 14 دارنا,
01-Jan-2021,425,مبيعات خرسانه سكوير,محطه خلط رويه,محطه خلط رويه,محطات خلط الخرسانه,"1,280.70 ",3001,,,,,,,,,,,0,,
01-Jan-2021,426,مبيعات خرسانه الوادى,محطه خلط رويه,محطه خلط رويه,محطات خلط الخرسانه,"65,991.23 ",3001,,,,,,,,,,,0,الإدارة,
01-Jan-2021,820,مبيعات خرسانه بنادر,محطه خلط رويه,محطه خلط رويه,محطات خلط الخرسانه,"119,469.30 ",3001,,,,,,,,,,,0,الادارة العامة ,
01-Jan-2021,821,مبيعات خرسانه القاهره,محطه خلط رويه,محطه خلط رويه,محطات خلط الخرسانه,"12,807.02 ",3001,,,,,,,,,,,0,جراج شبرا,
01-Jan-2021,822,مبيعات خرسانه سكوير,محطه خلط رويه,محطه خلط رويه,محطات خلط الخرسانه,"101,929.82 ",3001,,,,,,,,,,,0,فرع المهندسين - لاغي,
01-Jan-2021,823,مبيعات خرسانه وادى ,محطه خلط رويه,محطه خلط رويه,محطات خلط الخرسانه,"6,842.11 ",3001,,,,,,,,,,,0,محطات خلط الخرسانه,
01-Jan-2021,824,مبيعات خرسانه الصفا ,محطه خلط رويه,محطه خلط رويه,محطات خلط الخرسانه,"5,815.79 ",3001,,,,,,,,,,,0,محطه خلط رويه,
01-Jan-2021,825,مبيعات خرسانه الصفوه ,محطه خلط رويه,محطه خلط رويه,محطات خلط الخرسانه,"3,078.95 ",3001,,,,,,,,,,,0,محطه خلط الشروق,
01-Jan-2021,826,مبيعات خرسانه الجيزه ,محطه خلط رويه,محطه خلط رويه,محطات خلط الخرسانه,"39,315.79 ",3001,,,,,,,,,,,0,محاجر بنى سويف,
01-Jan-2021,827,مبيعات خرسانه الميدان ,محطه خلط رويه,محطه خلط رويه,محطات خلط الخرسانه,"60,368.42 ",3001,,,,,,,,,,,0,المقاولات,
01-Jan-2021,828,مبيعات خرسانه نحو ,محطه خلط رويه,محطه خلط رويه,محطات خلط الخرسانه,"8,894.74 ",3001,,,,,,,,,,,0,78ع. اكتوبر,
01-Jan-2021,829,مبيعات خرسانه هاي ايجي ,محطه خلط رويه,محطه خلط رويه,محطات خلط الخرسانه,"41,508.77 ",3001,,,,,,,,,,,0,مرافق 78 عماره,
01-Jan-2021,830,مبيعات خرسانه بنادر  ,محطه خلط رويه,محطه خلط رويه,محطات خلط الخرسانه,"270,114.04 ",3001,,,,,,,,,,,0,7ع. المعمورة,
01-Jan-2021,831,مبيعات خرسانه القاهره  ,محطه خلط رويه,محطه خلط رويه,محطات خلط الخرسانه,"186,333.33 ",3001,,,,,,,,,,,0,مرافق المعموره,
01-Jan-2021,832,مبيعات خرسانه الوادى  ,محطه خلط رويه,محطه خلط رويه,محطات خلط الخرسانه,"55,719.30 ",3001,,,,,,,,,,,0,واحه المهندسين,
01-Jan-2021,833,مبيعات خرسانه الصفا  ,محطه خلط رويه,محطه خلط رويه,محطات خلط الخرسانه,"2,736.84 ",3001,,,,,,,,,,,0,17ع. اكتوبر,
01-Jan-2021,1080,تسوية عملاء مقاولات يناير 2021 - تسوية المستخلص الختامي - قبل الصرف,كوبرى الحى العاشر 1,كوبرى الحى العاشر 1,المقاولات,"2,015,467.10 ",4078,,,,,,,,,,,0,46ع. العبور,
01-Jan-2021,1081,تسوية عملاء مقاولات يناير 2021 - تسوية المستخلص الختامي - قبل الصرف,كوبرى القنطرة الجنوبى - بور سعيد,كوبرى القنطرة الجنوبى - بور سعيد,المقاولات,"9,167,981.10 ",4074,,,,,,,,,,,0,3ع. العبور,
01-Feb-2021,988,مبيعات خرسانه الجيزه,محطه خلط رويه,محطه خلط رويه,محطات خلط الخرسانه,"38,666.67 ",3001,,,,,,,,,,,0,محطه صدر الحيطان,
01-Feb-2021,989,مبيعات خرسانه الميدان,محطه خلط رويه,محطه خلط رويه,محطات خلط الخرسانه,"44,912.28 ",3001,,,,,,,,,,,0,محطه قريه الريد,
01-Feb-2021,990,مبيعات خرسانه بنادر,محطه خلط رويه,محطه خلط رويه,محطات خلط الخرسانه,"39,587.72 ",3001,,,,,,,,,,,0,محطه العريش,
01-Feb-2021,991,مبيعات خرسانه امير احمد,محطه خلط رويه,محطه خلط رويه,محطات خلط الخرسانه,"5,473.68 ",3001,,,,,,,,,,,0,مصارف تلا ب,
01-Feb-2021,992,مبيعات خرسانه الجيزه ,محطه خلط رويه,محطه خلط رويه,محطات خلط الخرسانه,"38,000.00 ",3001,,,,,,,,,,,0,مصارف الحصه الاولى,
01-Feb-2021,993,مبيعات خرسانه الميدان ,محطه خلط رويه,محطه خلط رويه,محطات خلط الخرسانه,"40,771.93 ",3001,,,,,,,,,,,0,مصارف الاحراز,
01-Feb-2021,994,مبيعات خرسانه بنادر ,محطه خلط رويه,محطه خلط رويه,محطات خلط الخرسانه,"46,596.49 ",3001,,,,,,,,,,,0,مصارف محله روح,
01-Feb-2021,995,مبيعات خرسانه امير احمد ,محطه خلط رويه,محطه خلط رويه,محطات خلط الخرسانه,"2,736.84 ",3001,,,,,,,,,,,0,مصارف ابيار الثانية أ,
01-Feb-2021,996,مبيعات خرسانه امير احمد ,محطه خلط رويه,محطه خلط رويه,محطات خلط الخرسانه,"2,491.23 ",3001,,,,,,,,,,,0,مصارف السرو الاعلى,
01-Feb-2021,997,مبيعات خرسانه الجيزه  ,محطه خلط رويه,محطه خلط رويه,محطات خلط الخرسانه,"203,684.21 ",3001,,,,,,,,,,,0,مصارف النقراشى ب,
01-Feb-2021,998,مبيعات خرسانه الميدان  ,محطه خلط رويه,محطه خلط رويه,محطات خلط الخرسانه,"6,552.63 ",3001,,,,,,,,,,,0,مصارف بركه السبع,
01-Feb-2021,999,مبيعات خرسانه بنادر  ,محطه خلط رويه,محطه خلط رويه,محطات خلط الخرسانه,"102,798.25 ",3001,,,,,,,,,,,0,مصارف السبع الثالثه,
01-Feb-2021,1000,مبيعات خرسانه القاهره  ,محطه خلط رويه,محطه خلط رويه,محطات خلط الخرسانه,"27,368.42 ",3001,,,,,,,,,,,0,مصارف المحموديه الاولى,
01-Feb-2021,1001,مبيعات خرسانه سكوير  ,محطه خلط رويه,محطه خلط رويه,محطات خلط الخرسانه,"13,684.21 ",3001,,,,,,,,,,,0,تطوير مساقى 16,
01-Feb-2021,1002,مبيعات خرسانه الوادى  ,محطه خلط رويه,محطه خلط رويه,محطات خلط الخرسانه,"73,070.18 ",3001,,,,,,,,,,,0,57ع. رؤية,
01-Feb-2021,1003,مبيعات خرسانه الصفا  ,محطه خلط رويه,محطه خلط رويه,محطات خلط الخرسانه,"5,473.68 ",3001,,,,,,,,,,,0,10ع. الوادي,
01-Feb-2021,1004,مبيعات خرسانه القاهره  ,محطه خلط رويه,محطه خلط رويه,محطات خلط الخرسانه,"421,666.67 ",3001,,,,,,,,,,,0,9 سكوير,
01-Feb-2021,1005,مبيعات خرسانه سكوير  ,محطه خلط رويه,محطه خلط رويه,محطات خلط الخرسانه,"75,263.16 ",3001,,,,,,,,,,,0,كوبرى ترعه الزمر,
01-Feb-2021,1053,تسوية عملاء مقاولات فبراير 2021 - تسوية قيمة التعويضات,الاسماعيليه الجديده,4ع الحى الرابع 173م - الاسماعيليه ,المقاولات,"4,100,378.99 ",4070,,,,,,,,,,,0,كوبرى العين السخنه,
01-Feb-2021,1059,تسوية عملاء مقاولات فبراير 2021 - تسوية مستخلص 5+6 بعد الصرف,مبنى خدمات الفحص الفني - بورسعيد,مبنى خدمات الفحص الفني - بورسعيد,المقاولات,"10,514,448.31 ",4079,,,,,,,,,,,0,كوبرى محمد نجيب,
01-Mar-2021,0,ايراد السعوديه - خلال الربع الاول 2021,عملية سارى - مقاولات,عملية سارى - مقاولات,تكاليف السعوديه,"15,036,008.00 ",8001,,,,,,,,,,,0,الاسمرات,
01-Mar-2021,404,مبيعات خرسانه الجيزه,محطه خلط رويه,محطه خلط رويه,محطات خلط الخرسانه,"66,000.00 ",3001,,,,,,,,,,,0,نقل مخالفات الاسمرات,
01-Mar-2021,405,مبيعات خرسانه الميدان,محطه خلط رويه,محطه خلط رويه,محطات خلط الخرسانه,"20,526.32 ",3001,,,,,,,,,,,0,2برج الفسطاط,
01-Mar-2021,406,مبيعات خرسانه بنادر,محطه خلط رويه,محطه خلط رويه,محطات خلط الخرسانه,"27,368.42 ",3001,,,,,,,,,,,0,25ن الفسطاط,
01-Mar-2021,407,مبيعات خرسانه القاهره,محطه خلط رويه,محطه خلط رويه,محطات خلط الخرسانه,"356,754.39 ",3001,,,,,,,,,,,0,10 ع الفسطاط,
01-Mar-2021,408,مبيعات خرسانه سكوير,محطه خلط رويه,محطه خلط رويه,محطات خلط الخرسانه,"32,763.16 ",3001,,,,,,,,,,,0,4 ع الفسطاط,
01-Mar-2021,409,مبيعات خرسانه امير احمد,محطه خلط رويه,محطه خلط رويه,محطات خلط الخرسانه,"15,736.84 ",3001,,,,,,,,,,,0,30ع جاردينا,
01-Mar-2021,420,النيل للخرسانه,المخزن,المخزن,مخزن الاسمنت,"899,052.63 ",9001,,,,,,,,,,,0,مول غرب الشروق,
01-Mar-2021,1272,تسوية عملاء مقاولات - تسوية مستخلصات ميزانيه 31/3/2021,الاسماعيليه الجديده,7ع الحى الخامس 173م - الاسماعيليه ,المقاولات,"66,070.48 ",4066,,,,,,,,,,,0,2برج الندى,
01-Mar-2021,1272,تسوية عملاء مقاولات - تسوية مستخلصات ميزانيه 31/3/2021,الاسماعيليه الجديده,4ع الحى الثانى 160م - الاسماعيليه ,المقاولات,"24,872.86 ",4068,,,,,,,,,,,0,الاسماعيليه الجديده,
01-Mar-2021,1272,تسوية عملاء مقاولات - تسوية مستخلصات ميزانيه 31/3/2021,الاسماعيليه الجديده,8ع الحى الثانى 173م - الاسماعيليه ,المقاولات,"1,424,767.62 ",4065,,,,,,,,,,,0,كليه رياض اطفال,
01-Mar-2021,1272,تسوية عملاء مقاولات - تسوية مستخلصات ميزانيه 31/3/2021,الاسماعيليه الجديده,20ع الحى الثانى 160م - الاسماعيليه ,المقاولات,"1,341,049.05 ",4067,,,,,,,,,,,0,المجزر الى,
01-Mar-2021,1272,تسوية عملاء مقاولات - تسوية مستخلصات ميزانيه 31/3/2021,الاسماعيليه الجديده,2ع الحى الثانى 160م - الاسماعيليه ,المقاولات,203.81 ,4069,,,,,,,,,,,0,59 فيلا,
01-Mar-2021,1272,تسوية عملاء مقاولات - تسوية مستخلصات ميزانيه 31/3/2021,الاسماعيليه الجديده,4ع الحى الرابع 173م - الاسماعيليه ,المقاولات,"21,240.00 ",4070,,,,,,,,,,,0,21فيلا برج العرب,
01-Mar-2021,1272,تسوية عملاء مقاولات - تسوية مستخلصات ميزانيه 31/3/2021,الاسماعيليه الجديده,4ع الحى الرابع 173م - الاسماعيليه ,المقاولات,"4,628.57 ",4070,,,,,,,,,,,0,10ع هيلوبوليس,
01-Mar-2021,1273,تسوية عملاء مقاولات - تسوية مستخلصات ميزانيه 31/3/2021,كهرباء مول غرب الشروق,كهرباء مول غرب الشروق,المقاولات,"4,972,482.38 ",4073,,,,,,,,,,,0,14 عماره المتحده,
01-Mar-2021,1274,تسوية عملاء مقاولات - تسوية مستخلصات ميزانيه 31/3/2021,كوبري تقاطع ترسا مع المريوطية - اللبيني ,كوبري تقاطع ترسا مع المريوطية - اللبيني ,المقاولات,"96,541,184.80 ",4098,,,,,,,,,,,0,20 ع التل الكيبر,
01-Mar-2021,1275,تسوية عملاء مقاولات - تسوية مستخلصات ميزانيه 31/3/2021,معسكر امن قنا,معسكر امن قنا,المقاولات,"29,523,809.50 ",4096,,,,,,,,,,,0,10ابو عطوه,
01-Mar-2021,1276,تسوية عملاء مقاولات - تسوية مستخلصات ميزانيه 31/3/2021,مديريه امن الأقصر,مديريه امن الأقصر,المقاولات,"31,133,547.60 ",4101,,,,,,,,,,,0,6 القنطره شرق,
01-Mar-2021,1277,تسوية عملاء مقاولات - تسوية مستخلصات ميزانيه 31/3/2021,مول ستون ستريت,مول ستون ستريت,المقاولات,"11,641,303.40 ",4075,,,,,,,,,,,0,8 فايد,
01-Mar-2021,1278,تسوية عملاء مقاولات - تسوية مستخلصات ميزانيه 31/3/2021,تشطيبات مول غرب الشروق,تشطيبات مول غرب الشروق,المقاولات,"3,445,343.90 ",4062,,,,,,,,,,,0,نزهه العبور,
01-Mar-2021,1280,تسوية عملاء مقاولات - تسوية مستخلصات ميزانيه 31/3/2021,دار الايتام بالعبور,دار الايتام بالعبور,المقاولات,"150,000.00 ",4102,,,,,,,,,,,0,مصارف زفتى الاولى,
01-Mar-2021,1281,تسوية عملاء مقاولات - تسوية مستخلصات ميزانيه 31/3/2021,مبنى خدمات الفحص الفني - بورسعيد,مبنى خدمات الفحص الفني - بورسعيد,المقاولات,"25,968,228.40 ",4079,,,,,,,,,,,0,مصارف الحصه الثانيه,
01-Mar-2021,1282,تسوية عملاء مقاولات - تسوية مستخلصات ميزانيه 31/3/2021,منافذ امان,منافذ امان,المقاولات,"1,236,190.50 ",4090,,,,,,,,,,,0,محطه مياه اقريه,
01-Mar-2021,1283,تسوية عملاء مقاولات - تسوية مستخلصات ميزانيه 31/3/2021,57ع. رؤية,57ع. رؤية,المقاولات,"12,373,243.50 ",4023,,,,,,,,,,,0,محطه مياه قسيمه,
01-Mar-2021,1284,تسوية عملاء مقاولات - تسوية مستخلصات ميزانيه 31/3/2021,العاصمه الادرايه,العاصمه الادرايه,المقاولات,"25,602,197.90 ",4058,,,,,,,,,,,0,15بنك التعمير,
01-Mar-2021,1285,تسوية عملاء مقاولات - تسوية مستخلصات ميزانيه 31/3/2021,22عمارة القاهرة,22عمارة القاهرة,المقاولات,"5,212,026.50 ",4082,,,,,,,,,,,0,مصارف ابيار الثانيه ب,
01-Mar-2021,1287,تسوية عملاء مقاولات - تسوية مستخلصات ميزانيه 31/3/2021,رصف طرق كباري الاسماعيليه,رصف طرق كباري الاسماعيليه,المقاولات,"7,654,384.84 ",4095,,,,,,,,,,,0,محطة الريسه,
01-Mar-2021,1682,تسوية عملاء استثمار عقارى - اثبات تحويل جزء من الايراد المؤجل الى ايراد الاستثمار,كارفور- دارنا ( وحدات مباعه ),كارفور- دارنا ( وحدات مباعه ),الاستثمار,"167,361.00 ",7001,,,,,,,,,,,0,مصارف البكاتوش,
01-Mar-2021,1682,تسوية عملاء استثمار عقارى - اثبات تحويل جزء من الايراد المؤجل الى ايراد الاستثمار, الشمس 70 ( وحدات مباعه ), الشمس 70 ( وحدات مباعه ),الاستثمار,"48,436.00 ",7004,,,,,,,,,,,0,العاصمه الادرايه,
01-Mar-2021,1682,تسوية عملاء استثمار عقارى - اثبات تحويل جزء من الايراد المؤجل الى ايراد الاستثمار,الريهام ( وحدات مباعه ),الريهام ( وحدات مباعه ),الاستثمار,"1,439.00 ",7005,,,,,,,,,,,0,صرف الاسمرات,
01-Mar-2021,1682,تسوية عملاء استثمار عقارى - اثبات تحويل جزء من الايراد المؤجل الى ايراد الاستثمار,نزهة العبور ( وحدات مباعه ),نزهة العبور ( وحدات مباعه ),الاستثمار,"15,677.00 ",7007,,,,,,,,,,,0,كوبرى القنطرة غرب - اسماعيليه,
01-Mar-2021,1682,تسوية عملاء استثمار عقارى - اثبات تحويل جزء من الايراد المؤجل الى ايراد الاستثمار,رؤية ( وحدات مباعه ),رؤية ( وحدات مباعه ),الاستثمار,"109,121.00 ",7003,,,,,,,,,,,0,تشطيبات مول غرب الشروق,
01-Mar-2021,1682,تسوية عملاء استثمار عقارى - اثبات تحويل جزء من الايراد المؤجل الى ايراد الاستثمار,جراج عمارة 14 دارنا ( وحدات مباعه ),جراج عمارة 14 دارنا ( وحدات مباعه ),الاستثمار,"4,158.00 ",7006,,,,,,,,,,,0,10فيلات الرابع - الاسماعيليه ,
01-Mar-2021,1682,تسوية عملاء استثمار عقارى - اثبات تحويل جزء من الايراد المؤجل الى ايراد الاستثمار,كارفور- دارنا ( وحدات مباعه ),كارفور- دارنا ( وحدات مباعه ),الاستثمار,"44,366.00 ",7001,,,,,,,,,,,0,9فيلات الخامس - الاسماعيليه ,
01-Mar-2021,1683,تسوية عملاء استثمار عقارى - ملحق عقد بالزياده فى قيمه الوحده,نزهة العبور ( وحدات مباعه ),نزهة العبور ( وحدات مباعه ),الاستثمار,"193,000.00 ",7007,,,,,,,,,,,0,8ع الحى الثانى 173م - الاسماعيليه ,
01-Mar-2021,1684,تسوية عملاء استثمار عقارى - الغاء وحده مباعه بالمشروع,رؤية ( وحدات مباعه ),رؤية ( وحدات مباعه ),الاستثمار,"(953,830.00)",7003,,,,,,,,,,,0,7ع الحى الخامس 173م - الاسماعيليه ,
01-Mar-2021,1690,تسوية عملاء استثمار عقارى - اثبات خصم تعجيل السداد الممنوح للعملاء,كارفور- دارنا ( وحدات مباعه ),كارفور- دارنا ( وحدات مباعه ),الاستثمار,(495.00),7001,,,,,,,,,,,0,20ع الحى الثانى 160م - الاسماعيليه ,
01-Mar-2021,1690,تسوية عملاء استثمار عقارى - اثبات خصم تعجيل السداد الممنوح للعملاء,رؤية ( وحدات مباعه ),رؤية ( وحدات مباعه ),الاستثمار,"(30,312.00)",7003,,,,,,,,,,,0,4ع الحى الثانى 160م - الاسماعيليه ,
01-Mar-2021,1691,تسوية عملاء استثمار عقارى - اثبات خصم تعجيل السداد الممنوح للعملاء,كارفور- دارنا ( وحدات مباعه ),كارفور- دارنا ( وحدات مباعه ),الاستثمار,(500.00),7001,,,,,,,,,,,0,2ع الحى الثانى 160م - الاسماعيليه ,
01-Mar-2021,2071,مبيعات الخرسانة - الجيزة,محطه خلط رويه,محطه خلط رويه,محطات خلط الخرسانه,"68,666.67 ",3001,,,,,,,,,,,0,4ع الحى الرابع 173م - الاسماعيليه ,
01-Mar-2021,2072,مبيعات الخرسانة - نحو,محطه خلط رويه,محطه خلط رويه,محطات خلط الخرسانه,"56,991.23 ",3001,,,,,,,,,,,0,11ع الحى الرابع 160م - الاسماعيليه ,
01-Mar-2021,2073,مبيعات الخرسانة - هاي ايجي,محطه خلط رويه,محطه خلط رويه,محطات خلط الخرسانه,"83,131.58 ",3001,,,,,,,,,,,0,3ع الحى الرابع 160م - الاسماعيليه ,
01-Mar-2021,2074,مبيعات الخرسانة - بنادر,محطه خلط رويه,محطه خلط رويه,محطات خلط الخرسانه,"145,991.23 ",3001,,,,,,,,,,,1,كهرباء مول غرب الشروق,
01-Mar-2021,2075,مبيعات الخرسانة - القاهرة,محطه خلط رويه,محطه خلط رويه,محطات خلط الخرسانه,"12,807.02 ",3001,,,,,,,,,,,0,كوبرى القنطرة الجنوبى - بور سعيد,
01-Mar-2021,2076,مبيعات الخرسانة - دي سي أي,محطه خلط رويه,محطه خلط رويه,محطات خلط الخرسانه,"37,140.35 ",3001,,,,,,,,,,,0,مول ستون ستريت,
01-Mar-2021,2077,مبيعات الاسمنت - النيل,المخزن,المخزن,مخزن الاسمنت,"3,043,984.74 ",9001,,,,,,,,,,,0,كوبرى الكابلات - عمر المختار,
01-Mar-2021,2226,تسوية عملاء استثمار عقارى - اثبات مبيعات وحدات ستون,رؤية ( وحدات مباعه ),رؤية ( وحدات مباعه ),الاستثمار,"10,348,773.00 ",7003,,,,,,,,,,,0,,
01-Mar-2021,2228,تسوية عملاء استثمار عقارى - اثبات جزء من الايراد المؤجل الى ايراد الاستثمار,رؤية ( وحدات مباعه ),رؤية ( وحدات مباعه ),الاستثمار,"356,552.00 ",7003,,,,,,,,,,,0,الايجار التمويلي,
01-Apr-2021,323,النيل للخرسانه الجاهزه,المخزن,المخزن,مخزن الاسمنت,"2,355,652.37 ",9001,,,,,,,,,,,0,#REF!,
01-Apr-2021,887,مبيعات خرسانه الجيزه,محطه خلط رويه,محطه خلط رويه,محطات خلط الخرسانه,"30,000.00 ",3001,,,,,,,,,,,0,#REF!,
01-Apr-2021,888,مبيعات خرسانه القاهره,محطه خلط رويه,محطه خلط رويه,محطات خلط الخرسانه,"139,719.30 ",3001,,,,,,,,,,,0,#REF!,
01-Apr-2021,889,مبيعات خرسانه الجيزه,محطه خلط رويه,محطه خلط رويه,محطات خلط الخرسانه,"207,421.05 ",3001,,,,,,,,,,,0,,
01-Apr-2021,890,مبيعات خرسانه الميدان,محطه خلط رويه,محطه خلط رويه,محطات خلط الخرسانه,"13,508.77 ",3001,,,,,,,,,,,0,الاستثمار,
01-Apr-2021,891,مبيعات خرسانه بنادر,محطه خلط رويه,محطه خلط رويه,محطات خلط الخرسانه,"12,736.84 ",3001,,,,,,,,,,,0,كارفور- دارنا ( وحدات مباعه ),
01-Apr-2021,892,مبيعات خرسانه القاهره,محطه خلط رويه,محطه خلط رويه,محطات خلط الخرسانه,"390,692.98 ",3001,,,,,,,,,,,0,المبنى الادارى -مدينه نصر ( وحدات مباعه ),
01-Apr-2021,893,مبيعات خرسانه القاهره,محطه خلط رويه,محطه خلط رويه,محطات خلط الخرسانه,"355,087.72 ",3001,,,,,,,,,,,0,رؤية ( وحدات مباعه ),
01-Apr-2021,894,مبيعات خرسانه الجيزه,محطه خلط رويه,محطه خلط رويه,محطات خلط الخرسانه,"24,833.33 ",3001,,,,,,,,,,,0, الشمس 70 ( وحدات مباعه ),
01-Apr-2021,895,مبيعات خرسانه  محمود السيد,محطه خلط رويه,محطه خلط رويه,محطات خلط الخرسانه,"16,776.32 ",3001,,,,,,,,,,,0,الريهام ( وحدات مباعه ),
01-Apr-2021,896,مبيعات خرسانه  امير,محطه خلط رويه,محطه خلط رويه,محطات خلط الخرسانه,"27,605.26 ",3001,,,,,,,,,,,0,جراج عمارة 14 دارنا ( وحدات مباعه ),
01-May-2021,1160,مبيعات خرسانه اسكوير,محطه خلط رويه,محطه خلط رويه,محطات خلط الخرسانه,"26,776.32 ",3001,,,,,,,,,,,0,#REF!,
01-May-2021,1436,مبيعات الخرسانة - الجيزة,محطه خلط رويه,محطه خلط رويه,محطات خلط الخرسانه,"35,942.98 ",3001,,,,,,,,,,,0,#REF!,
01-May-2021,1437,مبيعات الخرسانة - بنادر,محطه خلط رويه,محطه خلط رويه,محطات خلط الخرسانه,"20,842.11 ",3001,,,,,,,,,,,0,#REF!,
01-May-2021,1441,مبيعات الاسمنت - النيل,المخزن,المخزن,مخزن الاسمنت,"1,206,807.02 ",9001,,,,,,,,,,,,,
01-Jun-2021,0,ايراد السعوديه - خلال الربع الثانى 2021,عملية سارى - مقاولات,عملية سارى - مقاولات,تكاليف السعوديه,"10,865,961.08 ",8001,,,,,,,,,,,,,
01-Jun-2021,1724,تسوية عملاء استثمار عقارى اثبات مبيعات وحدات بمشروع ستون ريزيدن تم تسليمها للعملاء  فى 30/6/2021,رؤية ( وحدات مباعه ),رؤية ( وحدات مباعه ),الاستثمار,"28,436,390.00 ",7003,,,,,,,,,,,,,
01-Jun-2021,1725,تسوية عملاء استثمار عقارى اثبات مبيعات وحدات بمشروع مول دارنا  1/4/2021,كارفور- دارنا ( وحدات مباعه ),كارفور- دارنا ( وحدات مباعه ),الاستثمار,"1,000,000.00 ",7001,,,,,,,,,,,,,
01-Jun-2021,1726,تسوية عملاء استثمار عقارى اثبات مبيعات وحدة استثمار عقارى بمشروع دارنا,كارفور- دارنا ( وحدات مباعه ),كارفور- دارنا ( وحدات مباعه ),الاستثمار,"642,323.00 ",7001,,,,,,,,,,,,,
01-Jun-2021,1727,تسوية عملاء استثمار عقارى اثبات مبيعات وحدة استثمار عقارى بمشروع دارنا,رووف العبور ( وحدات مباعه ),رووف العبور ( وحدات مباعه ),الاستثمار,"253,873.00 ",7008,,,,,,,,,,,,,
01-Jun-2021,1728,تسوية عملاء استثمار عقارى اثبات مبيعات وحده رقم 1 عمارة 17,رووف العبور ( وحدات مباعه ),رووف العبور ( وحدات مباعه ),الاستثمار,"230,400.00 ",7008,,,,,,,,,,,,,
01-Jun-2021,1729,تسوية عملاء استثمار عقارى اثبات تحويل جزء من الايراد المؤجل للايراد,رؤية ( وحدات مباعه ),رؤية ( وحدات مباعه ),الاستثمار,"1,128,614.00 ",7003,,,,,,,,,,,,,
01-Jun-2021,1730,تسوية عملاء استثمار عقارى الغاء عقد البيع لوحده بالمشروع بحكم المحكمه,كارفور- دارنا ( وحدات مباعه ),كارفور- دارنا ( وحدات مباعه ),الاستثمار,"(503,880.00)",7001,,,,,,,,,,,,,
01-Jun-2021,1749,تسويه عملاء استثمار عقارى - اثبات تحويل من الايراد المؤجل لايراد الاستثمار العقارى,كارفور- دارنا ( وحدات مباعه ),كارفور- دارنا ( وحدات مباعه ),الاستثمار,"122,648.00 ",7001,,,,,,,,,,,,,
01-Jun-2021,1749,تسويه عملاء استثمار عقارى - اثبات تحويل من الايراد المؤجل لايراد الاستثمار العقارى, الشمس 70 ( وحدات مباعه ), الشمس 70 ( وحدات مباعه ),الاستثمار,"5,418.00 ",7004,,,,,,,,,,,,,
01-Jun-2021,1749,تسويه عملاء استثمار عقارى - اثبات تحويل من الايراد المؤجل لايراد الاستثمار العقارى,نزهة العبور ( وحدات مباعه ),نزهة العبور ( وحدات مباعه ),الاستثمار,"8,813.00 ",7007,,,,,,,,,,,,,
01-Jun-2021,1749,تسويه عملاء استثمار عقارى - اثبات تحويل من الايراد المؤجل لايراد الاستثمار العقارى,رؤية ( وحدات مباعه ),رؤية ( وحدات مباعه ),الاستثمار,"166,925.00 ",7003,,,,,,,,,,,,,
01-Jun-2021,1749,تسويه عملاء استثمار عقارى - اثبات تحويل من الايراد المؤجل لايراد الاستثمار العقارى,جراج عمارة 14 دارنا ( وحدات مباعه ),جراج عمارة 14 دارنا ( وحدات مباعه ),الاستثمار,"4,158.00 ",7006,,,,,,,,,,,,,
01-Jun-2021,1749,تسويه عملاء استثمار عقارى - اثبات تحويل من الايراد المؤجل لايراد الاستثمار العقارى,كارفور- دارنا ( وحدات مباعه ),كارفور- دارنا ( وحدات مباعه ),الاستثمار,"44,366.00 ",7001,,,,,,,,,,,,,
01-Jun-2021,1749,تسويه عملاء استثمار عقارى - اثبات تحويل من الايراد المؤجل لايراد الاستثمار العقارى,نزهة العبور ( وحدات مباعه ),نزهة العبور ( وحدات مباعه ),الاستثمار,"90,000.00 ",7007,,,,,,,,,,,,,
01-Jun-2021,1825,تسوية عملاء مقاولات - تسوية المستخلص الختامى قبل الصرف,مول غرب الشروق,مول غرب الشروق,المقاولات,"(231,647.71)",4036,,,,,,,,,,,,,
01-Jun-2021,1826,تسوية عملاء مقاولات - تسوية مستخلص ميزانيه 30/6/2021,مبنى خدمات الفحص الفنى - بالقطامية ,مبنى خدمات الفحص الفنى - بالقطامية ,المقاولات,"5,062,095.24 ",4085,,,,,,,,,,,,,
01-Jun-2021,1827,تسوية عملاء مقاولات - تسوية مستخلص ميزانيه 30/6/2021,مبنى خدمات الفحص الفني - العبور,مبنى خدمات الفحص الفني - العبور,المقاولات,"5,148,047.82 ",4080,,,,,,,,,,,,,
01-Jun-2021,1828,تسوية عملاء مقاولات - تسوية مستخلص ميزانيه 30/6/2021,مبنى خدمات الفحص الفنى - سوهاج ,مبنى خدمات الفحص الفنى - سوهاج ,المقاولات,"3,048,257.14 ",4094,,,,,,,,,,,,,
01-Jun-2021,1829,تسوية عملاء مقاولات - تسوية مستخلص ميزانيه 30/6/2021,مبنى خدمات الفحص الفنى - 15مايو,مبنى خدمات الفحص الفنى - 15مايو,المقاولات,"981,420.00 ",4093,,,,,,,,,,,,,
01-Jun-2021,1829,تسوية عملاء مقاولات - تسوية مستخلص ميزانيه 30/6/2021,مبنى خدمات الفحص الفني - بورسعيد,مبنى خدمات الفحص الفني - بورسعيد,المقاولات,"8,141,267.12 ",4079,,,,,,,,,,,,,
01-Jun-2021,1830,تسوية عملاء مقاولات - تسوية قيمه التعويضات حتى الختامى,2برج الفسطاط,2برج الفسطاط,المقاولات,"1,663,770.96 ",4031,,,,,,,,,,,,,
01-Jun-2021,1832,تسوية عملاء مقاولات - تسوية المستخلص الختامى,المجزر الى,المجزر الى,المقاولات,"(1,448.50)",4040,,,,,,,,,,,,,
01-Jun-2021,1832,تسوية عملاء مقاولات - تسوية المستخلص الختامى,المجزر الى,المجزر الى,المقاولات,"39,267.70 ",4040,,,,,,,,,,,,,
01-Jun-2021,1833,تسوية عملاء مقاولات - تسوية مستخلص ميزانيه 30/6/2021 - شركه مشارق للاستثمار العقارى,مول ستون ستريت,مول ستون ستريت,المقاولات,"3,088,596.15 ",4075,,,,,,,,,,,,,
01-Jun-2021,1834,تسوية عملاء مقاولات - تسوية مستخلص ميزانيه 30/6/2021,22عمارة القاهرة,22عمارة القاهرة,المقاولات,"5,238,063.59 ",4082,,,,,,,,,,,,,
01-Jun-2021,1835,تسوية عملاء مقاولات - تسوية مستخلص ميزانيه 30/6/2021,الاسماعيليه الجديده,7ع الحى الخامس 173م - الاسماعيليه ,المقاولات,"545,866.19 ",4066,,,,,,,,,,,,,
01-Jun-2021,1835,تسوية عملاء مقاولات - تسوية مستخلص ميزانيه 30/6/2021,الاسماعيليه الجديده,20ع الحى الثانى 160م - الاسماعيليه ,المقاولات,"308,160.00 ",4067,,,,,,,,,,,,,
01-Jun-2021,1835,تسوية عملاء مقاولات - تسوية مستخلص ميزانيه 30/6/2021,الاسماعيليه الجديده,8ع الحى الثانى 173م - الاسماعيليه ,المقاولات,"1,033,950.95 ",4065,,,,,,,,,,,,,
01-Jun-2021,1836,تسوية عملاء مقاولات - تسوية مستخلص ميزانيه 30/6/2021,العاصمه الادرايه,العاصمه الادرايه,المقاولات,"12,461,252.23 ",4058,,,,,,,,,,,,,
01-Jun-2021,1837,تسوية عملاء مقاولات - تسوية مستخلص ميزانيه 30/6/2021,مبنى الحافلات – العاصمة الإدارية,مبنى الحافلات – العاصمة الإدارية,المقاولات,"28,421,433.33 ",4107,,,,,,,,,,,,,
01-Jun-2021,1838,تسوية عملاء مقاولات - تسوية مستخلص ميزانيه 30/6/2021,كوبري تقاطع ترسا مع المريوطية - اللبيني ,كوبري تقاطع ترسا مع المريوطية - اللبيني ,المقاولات,"143,161,112.79 ",4098,,,,,,,,,,,,,
01-Jun-2021,1839,تسوية عملاء مقاولات - تسوية مستخلص ميزانيه 30/6/2021,تشطيبات مول غرب الشروق,تشطيبات مول غرب الشروق,المقاولات,"5,955,366.29 ",4062,,,,,,,,,,,,,
01-Jun-2021,1840,تسوية عملاء مقاولات - تسوية مستخلص ميزانيه 30/6/2021,كهرباء مول غرب الشروق,كهرباء مول غرب الشروق,المقاولات,"20,746,299.27 ",4073,,,,,,,,,,,,,
01-Jun-2021,1841,تسوية عملاء مقاولات - تسوية مستخلص ميزانيه 30/6/2021,مديريه امن الأقصر,مديريه امن الأقصر,المقاولات,"44,083,298.10 ",4101,,,,,,,,,,,,,
01-Jun-2021,1842,تسوية عملاء مقاولات - تسوية مستخلص ميزانيه 30/6/2021,دار الايتام بالعبور,دار الايتام بالعبور,المقاولات,"503,571.43 ",4102,,,,,,,,,,,,,
01-Jun-2021,1843,تسوية عملاء مقاولات - تسوية مستخلص 8و9 الختامى بعد الصرف ,9 سكوير,9 سكوير,المقاولات,"674,704.95 ",4025,,,,,,,,,,,,,
01-Jun-2021,1844,تسوية عملاء مقاولات - تسوية مستخلص ميزانيه 30/6/2021,معسكر امن قنا,معسكر امن قنا,المقاولات,"60,251,226.61 ",4096,,,,,,,,,,,,,
01-Jun-2021,1845,تسوية عملاء مقاولات - تسوية مستخلص ميزانيه 30/6/2021,منافذ امان,منافذ امان,المقاولات,"66,685.71 ",4090,,,,,,,,,,,,,
01-Jun-2021,2088,تسوية عملاء مقاولات - تسوية مستخلص ميزانيه 30/6/2021,محطه الهنادى - الأقصر,محطه الهنادى - الأقصر,المقاولات,"154,766.34 ",4100,,,,,,,,,,,,,
01-Jun-2021,2089,تسوية عملاء مقاولات - تسوية مستخلص ميزانيه 30/6/2021,رصف طرق كباري الاسماعيليه,رصف طرق كباري الاسماعيليه,المقاولات,"1,631,587.09 ",4095,,,,,,,,,,,,,
01-Jun-2021,2090,مبيعات الاسمنت - النيل,المخزن,المخزن,مخزن الاسمنت,"483,147.37 ",9001,,,,,,,,,,,,,
01-Jun-2021,2091,مبيعات الخرسانة - بنادر,محطه خلط رويه,محطه خلط رويه,محطات خلط الخرسانه,"14,666.67 ",3001,,,,,,,,,,,,,
01-Jun-2021,2092,مبيعات الخرسانة - هاي ايجي,محطه خلط رويه,محطه خلط رويه,محطات خلط الخرسانه,"25,666.67 ",3001,,,,,,,,,,,,,
01-Jun-2021,2093,مبيعات الخرسانة - الجيزة,محطه خلط رويه,محطه خلط رويه,محطات خلط الخرسانه,"35,942.98 ",3001,,,,,,,,,,,,,
01-Jun-2021,2094,مبيعات الخرسانة - بنادر,محطه خلط رويه,محطه خلط رويه,محطات خلط الخرسانه,"132,192.98 ",3001,,,,,,,,,,,,,
01-Jun-2021,2095,مبيعات الخرسانة - الجيزة,محطه خلط رويه,محطه خلط رويه,محطات خلط الخرسانه,"66,657.89 ",3001,,,,,,,,,,,,,
01-Jun-2021,2096,مبيعات الخرسانة - الميدان,محطه خلط رويه,محطه خلط رويه,محطات خلط الخرسانه,"20,986.84 ",3001,,,,,,,,,,,,,
01-Jun-2021,2454,تسوية عملاء استثمار عقارى - اثبات تحويل جزء من الايراد المؤجل الى ايراد الاستثمار,رووف العبور ( وحدات مباعه ),رووف العبور ( وحدات مباعه ),الاستثمار,"3,975.00 ",7008,,,,,,,,,,,,,
01-Aug-2021,1070,تسوية عملاء مقاولات اغسطس 2021 - تسوية المستخلص الختامى بعد الصرف,كوبرى الكابلات - عمر المختار,كوبرى الكابلات - عمر المختار,المقاولات,(16.12),4076,,,,,,,,,,,,,
01-Aug-2021,1072,تسوية عملاء مقاولات اغسطس 2021 - اثبات فروق الاسعار,مصارف البكاتوش,مصارف البكاتوش,المقاولات,"2,277,141.71 ",4057,,,,,,,,,,,,,
01-Aug-2021,1073,تسوية عملاء مقاولات اغسطس 2021 - تسوية المستخلص الختامى بعد الصرف,10ع. الوادي,10ع. الوادي,المقاولات,"1,475,286.25 ",4024,,,,,,,,,,,,,
01-Aug-2021,1076,تسوية عملاء مقاولات اغسطس 2021 - تسوية المستخلص الختامى بعد الصرف,كوبرى طه حسين,كوبرى طه حسين,المقاولات,"983,244.75 ",4083,,,,,,,,,,,,,
01-Aug-2021,1077,تسوية عملاء مقاولات اغسطس 2021 - تسوية المستخلص الختامى بعد الصرف,46ع. العبور,46ع. العبور,المقاولات,"680,874.99 ",4007,,,,,,,,,,,,,
01-Aug-2021,1079,تسوية عملاء مقاولات اغسطس 2021 - اثبات تخفيض جارى بورسعيد بقيمه الدفعات المقدمه وتسوية المستخلص الختامى بعد الصرف,مبنى خدمات الفحص الفني - بورسعيد,مبنى خدمات الفحص الفني - بورسعيد,المقاولات,"3,515,447.15 ",4079,,,,,,,,,,,,,
01-Sep-2021,902,مبيعات الخرسانة - الميدان,محطه خلط رويه,محطه خلط رويه,محطات خلط الخرسانه,"1,447.37 ",3001,,,,,,,,,,,,,
01-Sep-2021,903,مبيعات الخرسانة - سكوير,محطه خلط رويه,محطه خلط رويه,محطات خلط الخرسانه,"13,508.77 ",3001,,,,,,,,,,,,,
01-Sep-2021,904,مبيعات الخرسانة - هاي ايجي,محطه خلط رويه,محطه خلط رويه,محطات خلط الخرسانه,"30,877.19 ",3001,,,,,,,,,,,,,
01-Sep-2021,905,مبيعات الخرسانة - الوادي,محطه خلط رويه,محطه خلط رويه,محطات خلط الخرسانه,"39,850.88 ",3001,,,,,,,,,,,,,
01-Sep-2021,906,مبيعات الخرسانة - اية اتش ام,محطه خلط رويه,محطه خلط رويه,محطات خلط الخرسانه,"10,131.58 ",3001,,,,,,,,,,,,,
01-Sep-2021,907,مبيعات الخرسانة - بنادر,محطه خلط رويه,محطه خلط رويه,محطات خلط الخرسانه,"29,333.33 ",3001,,,,,,,,,,,,,
01-Sep-2021,908,مبيعات الخرسانة - كونترا,محطه خلط رويه,محطه خلط رويه,محطات خلط الخرسانه,"64,385.96 ",3001,,,,,,,,,,,,,
01-Sep-2021,909,مبيعات الخرسانة - هاي لايت,محطه خلط رويه,محطه خلط رويه,محطات خلط الخرسانه,"37,894.74 ",3001,,,,,,,,,,,,,
01-Sep-2021,1472,مبيعات خرسانه . الميدان,محطه خلط رويه,محطه خلط رويه,محطات خلط الخرسانه,"5,412.11 ",3001,,,,,,,,,,,,,
01-Sep-2021,1512,مبيعات الخرسانة - كونترا,محطه خلط رويه,محطه خلط رويه,محطات خلط الخرسانه,"31,578.95 ",3001,,,,,,,,,,,,,
01-Sep-2021,1513,مبيعات الخرسانة - الميدان,محطه خلط رويه,محطه خلط رويه,محطات خلط الخرسانه,"55,440.00 ",3001,,,,,,,,,,,,,
01-Sep-2021,1514,مبيعات الخرسانة - دي سي أي,محطه خلط رويه,محطه خلط رويه,محطات خلط الخرسانه,"1,057.00 ",3001,,,,,,,,,,,,,
01-Sep-2021,1759,تسوية عملاء مقاولات سبتمبر 2021 - تسوية مستلخلص جارى 1و2و3 بعد الصرف ومستخلص ميزانيه 30/9/2021,معسكر امن قنا,معسكر امن قنا,المقاولات,"61,042,845.79 ",4096,,,,,,,,,,,,,
01-Sep-2021,1761,تسوية عملاء مقاولات سبتمبر 2021 - تسوية مستخلص ميزانيه 30/9/2021,ستون بارك,ستون بارك,المقاولات,"4,340,882.50 ",4118,,,,,,,,,,,,,
01-Sep-2021,1762,تسوية عملاء مقاولات سبتمبر 2021 - تسوية مستخلص ميزانيه 30/9/2021,الاسماعيليه الجديده,20ع الحى الثانى 160م - الاسماعيليه ,المقاولات,"13,980.48 ",4067,,,,,,,,,,,,,
01-Sep-2021,1762,تسوية عملاء مقاولات سبتمبر 2021 - تسوية مستخلص ميزانيه 30/9/2021,الاسماعيليه الجديده,4ع الحى الرابع 173م - الاسماعيليه ,المقاولات,"1,221,263.92 ",4070,,,,,,,,,,,,,
01-Sep-2021,1762,تسوية عملاء مقاولات سبتمبر 2021 - تسوية مستخلص ميزانيه 30/9/2021,الاسماعيليه الجديده,7ع الحى الخامس 173م - الاسماعيليه ,المقاولات,"821,912.95 ",4066,,,,,,,,,,,,,
01-Sep-2021,1762,تسوية عملاء مقاولات سبتمبر 2021 - تسوية مستخلص ميزانيه 30/9/2021,الاسماعيليه الجديده,2ع الحى الثانى 160م - الاسماعيليه ,المقاولات,"147,727.62 ",4069,,,,,,,,,,,,,
01-Sep-2021,1763,تسوية عملاء مقاولات سبتمبر 2021 - تسوية مستخلص ميزانيه 30/9/2021,22عمارة القاهرة,22عمارة القاهرة,المقاولات,"2,599,644.26 ",4082,,,,,,,,,,,,,
01-Sep-2021,1764,تسوية عملاء مقاولات سبتمبر 2021 - تسوية مستخلص 1 قبل الصرف,شاليهات - تلال السخنه,شاليهات - تلال السخنه,المقاولات,"626,081.00 ",4126,,,,,,,,,,,,,
01-Sep-2021,1765,تسوية عملاء مقاولات سبتمبر 2021 - تسوية مستخلص ميزانيه 30/9/2021,مديريه امن اسيوط,مديريه امن اسيوط,المقاولات,"645,945.27 ",4121,,,,,,,,,,,,,
01-Sep-2021,1766,تسوية عملاء مقاولات سبتمبر 2021 - تسوية مستخلص ميزانيه 30/9/2021,دار الايتام بالعبور,دار الايتام بالعبور,المقاولات,"2,865,059.43 ",4102,,,,,,,,,,,,,
01-Sep-2021,1767,تسوية عملاء مقاولات سبتمبر 2021 - تسوية مستخلص ميزانيه 30/9/2021,كوبري تقاطع ترسا مع المريوطية - اللبيني ,كوبري تقاطع ترسا مع المريوطية - اللبيني ,المقاولات,"13,890,411.07 ",4098,,,,,,,,,,,,,
01-Sep-2021,1768,تسوية عملاء مقاولات سبتمبر 2021 - تسوية مستخلص 1 و 2 بعد الصرف,مبنى خدمات الفحص الفنى - بالقطامية ,مبنى خدمات الفحص الفنى - بالقطامية ,المقاولات,"3,713,650.55 ",4085,,,,,,,,,,,,,
01-Sep-2021,1769,تسوية عملاء مقاولات سبتمبر 2021 - تسوية مستخلص 1 و 2 بعد الصرف,مبنى خدمات الفحص الفني - العبور,مبنى خدمات الفحص الفني - العبور,المقاولات,"6,035,672.73 ",4080,,,,,,,,,,,,,
01-Sep-2021,1770,تسوية عملاء مقاولات سبتمبر 2021 - تسوية مستخلص 1 و 2 بعد الصرف و مستخلص ميزانيه 30/9/2021,مبنى خدمات الفحص الفنى - سوهاج ,مبنى خدمات الفحص الفنى - سوهاج ,المقاولات,"6,614,295.24 ",4094,,,,,,,,,,,,,
01-Sep-2021,1772,تسوية عملاء مقاولات سبتمبر 2021 - تسوية المستخلص الختامى بعد الصرف,واحه المهندسين,واحه المهندسين,المقاولات,"(231,676.41)",4005,,,,,,,,,,,,,
01-Sep-2021,1773,تسوية عملاء مقاولات سبتمبر 2021 - تسوية مستخلص ميزانيه 30/9/2021,كوبرى تقاطع محمود على فهمى مع الاسمرات,كوبرى تقاطع محمود على فهمى مع الاسمرات,المقاولات,"11,643,705.33 ",4116,,,,,,,,,,,,,
01-Sep-2021,1774,تسوية عملاء مقاولات سبتمبر 2021 - تسوية مستخلص ميزانيه 30/9/2021,كوبرى تقاطع الاسمرات مع محور الشهيد,كوبرى تقاطع الاسمرات مع محور الشهيد,المقاولات,"56,178,184.38 ",4115,,,,,,,,,,,,,
01-Sep-2021,1775,تسوية عملاء مقاولات سبتمبر 2021 - تسوية مستخلص ميزانيه 30/9/2021,مديريه امن الأقصر,مديريه امن الأقصر,المقاولات,"48,573,450.40 ",4101,,,,,,,,,,,,,
01-Sep-2021,1776,تسوية عملاء مقاولات سبتمبر 2021 - تسوية مستخلص ميزانيه 30/9/2021,العاصمه الادرايه,العاصمه الادرايه,المقاولات,"11,933,985.28 ",4058,,,,,,,,,,,,,
01-Sep-2021,1778,تسوية عملاء مقاولات سبتمبر 2021 - تسوية مستخلص ميزانيه 30/9/2021,تشطيبات مول غرب الشروق,تشطيبات مول غرب الشروق,المقاولات,"407,119.43 ",4062,,,,,,,,,,,,,
01-Sep-2021,1779,تسوية عملاء مقاولات سبتمبر 2021 - تسوية مستخلص ميزانيه 30/9/2021,كهرباء مول غرب الشروق,كهرباء مول غرب الشروق,المقاولات,"2,454,798.10 ",4073,,,,,,,,,,,,,
01-Sep-2021,1780,تسوية عملاء مقاولات سبتمبر 2021 - تسوية مستخلص ميزانيه 30/9/2021,محطه الهنادى - الأقصر,محطه الهنادى - الأقصر,المقاولات,"4,720,062.34 ",4100,,,,,,,,,,,,,
01-Sep-2021,1781,تسوية عملاء مقاولات سبتمبر 2021 - تسوية مستخلص ميزانيه 30/9/2021,مبنى الحافلات – العاصمة الإدارية,مبنى الحافلات – العاصمة الإدارية,المقاولات,"4,141,442.86 ",4107,,,,,,,,,,,,,
01-Sep-2021,1782,تسوية عملاء مقاولات سبتمبر 2021 - تسوية مستخلص 1 بعد الصرف,مبنى خدمات الفحص الفنى - 15مايو,مبنى خدمات الفحص الفنى - 15مايو,المقاولات,"2,531,501.97 ",4093,,,,,,,,,,,,,
01-Sep-2021,1862,تسوية عملاء استثمار عقارى - تصحيح قيد تم اثباته بالخطأ ,رووف العبور ( وحدات مباعه ),رووف العبور ( وحدات مباعه ),الاستثمار,(180.00),7008,,,,,,,,,,,,,
01-Sep-2021,1863,تسوية عملاء استثمار عقارى - اثبات فروق ايراد وتكاليف استثمار عقارى,رؤية ( وحدات مباعه ),رؤية ( وحدات مباعه ),الاستثمار,"12,000,724.00 ",7003,,,,,,,,,,,,,
01-Sep-2021,1864,تسوية عملاء استثمار عقارى - اثبات مبيعات وحدات بمشروع ستون ريزيدنس,رؤية ( وحدات مباعه ),رؤية ( وحدات مباعه ),الاستثمار,"18,585,113.00 ",7003,,,,,,,,,,,,,
01-Sep-2021,1865,تسوية عملاء استثمار عقارى - اثبات تحويل جزء من الايرادات الخاصه بمشروع ستون,رؤية ( وحدات مباعه ),رؤية ( وحدات مباعه ),الاستثمار,"652,266.00 ",7003,,,,,,,,,,,,,
01-Sep-2021,1867,تسوية عملاء استثمار عقارى - اثبات تحويل جزء من الايرادات المؤجله الى ايراد الاستثمار,كارفور- دارنا ( وحدات مباعه ),كارفور- دارنا ( وحدات مباعه ),الاستثمار,"97,669.00 ",7001,,,,,,,,,,,,,
01-Sep-2021,1867,تسوية عملاء استثمار عقارى - اثبات تحويل جزء من الايرادات المؤجله الى ايراد الاستثمار, الشمس 70 ( وحدات مباعه ), الشمس 70 ( وحدات مباعه ),الاستثمار,"3,597.00 ",7004,,,,,,,,,,,,,
01-Sep-2021,1867,تسوية عملاء استثمار عقارى - اثبات تحويل جزء من الايرادات المؤجله الى ايراد الاستثمار,نزهة العبور ( وحدات مباعه ),نزهة العبور ( وحدات مباعه ),الاستثمار,"7,506.00 ",7007,,,,,,,,,,,,,
01-Sep-2021,1867,تسوية عملاء استثمار عقارى - اثبات تحويل جزء من الايرادات المؤجله الى ايراد الاستثمار,رؤية ( وحدات مباعه ),رؤية ( وحدات مباعه ),الاستثمار,"135,520.00 ",7003,,,,,,,,,,,,,
01-Sep-2021,1867,تسوية عملاء استثمار عقارى - اثبات تحويل جزء من الايرادات المؤجله الى ايراد الاستثمار,جراج عمارة 14 دارنا ( وحدات مباعه ),جراج عمارة 14 دارنا ( وحدات مباعه ),الاستثمار,"4,158.00 ",7006,,,,,,,,,,,,,
01-Sep-2021,1867,تسوية عملاء استثمار عقارى - اثبات تحويل جزء من الايرادات المؤجله الى ايراد الاستثمار,رووف العبور ( وحدات مباعه ),رووف العبور ( وحدات مباعه ),الاستثمار,774.00 ,7008,,,,,,,,,,,,,
01-Sep-2021,1867,تسوية عملاء استثمار عقارى - اثبات تحويل جزء من الايرادات المؤجله الى ايراد الاستثمار,كارفور- دارنا ( وحدات مباعه ),كارفور- دارنا ( وحدات مباعه ),الاستثمار,"44,345.00 ",7001,,,,,,,,,,,,,
01-Sep-2021,1867,تسوية عملاء استثمار عقارى - اثبات تحويل جزء من الايرادات المؤجله الى ايراد الاستثمار,نزهة العبور ( وحدات مباعه ),نزهة العبور ( وحدات مباعه ),الاستثمار,"194,940.00 ",7007,,,,,,,,,,,,,
01-Sep-2021,1868,تسوية عملاء استثمار عقارى - اثبات مبيعات وحدة رقم 2 عمارة 13,رووف العبور ( وحدات مباعه ),رووف العبور ( وحدات مباعه ),الاستثمار,"153,000.00 ",7008,,,,,,,,,,,,,
01-Sep-2021,1869,تسوية عملاء استثمار عقارى - اثبات ايراد استثمار عقارى ناتج عن ملحق عقد بالزياده فى قيمه الوحده,نزهة العبور ( وحدات مباعه ),نزهة العبور ( وحدات مباعه ),الاستثمار,"150,141.00 ",7007,,,,,,,,,,,,,
01-Sep-2021,1870,تسوية عملاء استثمار عقارى - اثبات ايراد استثمار عقارى ناتج عن ملحق عقد بالزياده فى قيمه الوحده,كارفور- دارنا ( وحدات مباعه ),كارفور- دارنا ( وحدات مباعه ),الاستثمار,"130,840.00 ",7001,,,,,,,,,,,,,
01-Sep-2021,1874,تسوية عملاء استثمار عقارى - اثبات ايراد استثمار عقارى ناتج عن ملحق عقد بالزياده فى قيمه الوحده,رؤية ( وحدات مباعه ),رؤية ( وحدات مباعه ),الاستثمار,"(1,592,469.00)",7003,,,,,,,,,,,,,
01-Sep-2021,1877,تسوية عملاء استثمار عقارى - اثبات فرق عقد بيع البنك الاهلى المصرى مول دارنا,كارفور- دارنا ( وحدات مباعه ),كارفور- دارنا ( وحدات مباعه ),الاستثمار,"(4,059,439.00)",7001,,,,,,,,,,,,,
01-Sep-2021,1878,تسوية عملاء استثمار عقارى - اثبات خصم تعجيل السداد الممنوح للعملاء, الشمس 70 ( وحدات مباعه ), الشمس 70 ( وحدات مباعه ),الاستثمار,(435.00),7004,,,,,,,,,,,,,
01-Sep-2021,1878,تسوية عملاء استثمار عقارى - اثبات خصم تعجيل السداد الممنوح للعملاء,نزهة العبور ( وحدات مباعه ),نزهة العبور ( وحدات مباعه ),الاستثمار,(122.00),7007,,,,,,,,,,,,,
01-Sep-2021,1881,تسوية عملاء استثمار عقارى - رد وحده مباعه للمخزون العقارى,نزهة العبور ( وحدات مباعه ),نزهة العبور ( وحدات مباعه ),الاستثمار,"(359,812.50)",7007,,,,,,,,,,,,,
01-Sep-2021,0,ايراد السعوديه - خلال الربع الثالث 2021,عملية سارى - مقاولات,عملية سارى - مقاولات,تكاليف السعوديه,"15,831,262.92 ",8001,,,,,,,,,,,,,
01-Nov-2021,1342,تسوية عملاء مقاولات - تسوية مستخلصات وملاحق عقود,المجزر الى,المجزر الى,المقاولات,"(496,442.88)",4040,,,,,,,,,,,,,
01-Nov-2021,1345,تسوية عملاء مقاولات - تسوية مستخلصات جارى 1 و 2 و 3 قبل الصرف,ستون بارك,ستون بارك,المقاولات,"6,342,967.50 ",4118,,,,,,,,,,,,,
01-Nov-2021,1347,تسوية عملاء مقاولات - تسوية ضريبه القيمه المضافه,مديريه امن الأقصر,مديريه امن الأقصر,المقاولات,"3,760,842.30 ",4101,,,,,,,,,,,,,
01-Dec-2021,1994,تسوية عملاء مقاولات,الاسماعيليه الجديده,7ع الحى الخامس 173م - الاسماعيليه ,المقاولات,"949,347.10 ",4066,,,,,,,,,,,,,
01-Dec-2021,1995,تسوية عملاء مقاولات مستخلص رقم 25 بعد الصرف,العاصمه الادرايه,العاصمه الادرايه,المقاولات,"17,294,999.17 ",4058,,,,,,,,,,,,,
01-Dec-2021,1996,تسوية عملاء مقاولات - مستخلص ميزانيه,كوبرى تقاطع الدائرى مع بديل السويس,كوبرى تقاطع الدائرى مع بديل السويس,المقاولات,"175,219,847.07 ",4123,,,,,,,,,,,,,
01-Dec-2021,1997,تسوية عملاء مقاولات - مستخلص ميزانيه,كهرباء مول غرب الشروق,كهرباء مول غرب الشروق,المقاولات,"(9,813,511.18)",4073,,,,,,,,,,,,,
01-Dec-2021,1998,تسوية عملاء مقاولات - مستخلص ميزانيه,كوبرى تقاطع محمود على فهمى مع الاسمرات,كوبرى تقاطع محمود على فهمى مع الاسمرات,المقاولات,"15,122,303.67 ",4116,,,,,,,,,,,,,
01-Dec-2021,1999,تسوية عملاء مقاولات - مستخلص ميزانيه,كوبرى تقاطع الاسمرات مع محور الشهيد,كوبرى تقاطع الاسمرات مع محور الشهيد,المقاولات,"26,752,589.22 ",4115,,,,,,,,,,,,,
01-Dec-2021,2000,تسوية عملاء مقاولات - مستخلص ميزانيه,كبارى الضبعه,كبارى الضبعه,المقاولات,"29,898,335.24 ",4120,,,,,,,,,,,,,
01-Dec-2021,2001,تسوية عملاء مقاولات - مستخلص ميزانيه,مديريه امن اسيوط,مديريه امن اسيوط,المقاولات,"11,673,257.48 ",4121,,,,,,,,,,,,,
01-Dec-2021,2002,تسوية عملاء مقاولات - مستخلص ميزانيه,ستون بارك,ستون بارك,المقاولات,"2,853,365.00 ",4118,,,,,,,,,,,,,
01-Dec-2021,2003,تسوية عملاء مقاولات - مستخلص 2و3و4 قبل الصرف,شاليهات - تلال السخنه,شاليهات - تلال السخنه,المقاولات,"4,752,764.00 ",4126,,,,,,,,,,,,,
01-Dec-2021,2004,تسوية عملاء مقاولات - مستخلص ميزانيه,اعمال ترابيه - تلال السخنه,اعمال ترابيه - تلال السخنه,المقاولات,"3,522,000.00 ",4119,,,,,,,,,,,,,
01-Dec-2021,2005,تسوية عملاء مقاولات - مستخلص ميزانيه,مبنى الحافلات – العاصمة الإدارية,مبنى الحافلات – العاصمة الإدارية,المقاولات,"11,246,779.05 ",4107,,,,,,,,,,,,,
01-Dec-2021,2006,تسوية عملاء مقاولات - مستخلص 2و3و4و5 بعد الصرف,مبنى خدمات الفحص الفنى - 15مايو,مبنى خدمات الفحص الفنى - 15مايو,المقاولات,"11,396,849.30 ",4093,,,,,,,,,,,,,
01-Dec-2021,2007,تسوية عملاء مقاولات - مستخلص 2و3و4و5 بعد الصرف,مبنى خدمات الفحص الفني - العبور,مبنى خدمات الفحص الفني - العبور,المقاولات,"13,578,527.99 ",4080,,,,,,,,,,,,,
01-Dec-2021,2008,تسوية عملاء مقاولات - مستخلص 2و3و4و5 بعد الصرف,مبنى خدمات الفحص الفنى - سوهاج ,مبنى خدمات الفحص الفنى - سوهاج ,المقاولات,"9,356,015.90 ",4094,,,,,,,,,,,,,
01-Dec-2021,2009,تسوية عملاء مقاولات - مستخلص ميزانيه,دار الايتام بالعبور,دار الايتام بالعبور,المقاولات,"3,818,553.15 ",4102,,,,,,,,,,,,,
01-Dec-2021,2010,تسوية عملاء مقاولات - مستخلص ميزانيه,الاسماعيليه الجديده,4ع الحى الرابع 173م - الاسماعيليه ,المقاولات,"112,674.29 ",4070,,,,,,,,,,,,,
01-Dec-2021,2011,تسوية عملاء مقاولات - مستخلص 3و4و5 بعد الصرف,محطه الهنادى - الأقصر,محطه الهنادى - الأقصر,المقاولات,"15,396,041.11 ",4100,,,,,,,,,,,,,
01-Dec-2021,2012,تسوية عملاء مقاولات - مستخلص 3و4و5و6 بعد الصرف,مبنى خدمات الفحص الفنى - بالقطامية ,مبنى خدمات الفحص الفنى - بالقطامية ,المقاولات,"10,909,349.35 ",4085,,,,,,,,,,,,,
01-Dec-2021,2013,تسوية عملاء مقاولات - مستخلص ميزانيه,معسكر امن قنا,معسكر امن قنا,المقاولات,"56,158,277.91 ",4096,,,,,,,,,,,,,
01-Dec-2021,2014,تسوية عملاء مقاولات - مستخلص ميزانيه,مديريه امن الأقصر,مديريه امن الأقصر,المقاولات,"30,534,482.10 ",4101,,,,,,,,,,,,,
01-Dec-2021,2333,تسوية عملاء استثمار عقارى ديسمبر 2021 - اثبات ايراد استثمار عقارى ناتج عن ملحق عقد بالزياده فى قيمه الوحده,كارفور- دارنا ( وحدات مباعه ),كارفور- دارنا ( وحدات مباعه ),الاستثمار,"144,482.00 ",7001,,,,,,,,,,,,,
01-Dec-2021,2334,تسوية عملاء استثمار عقارى ديسمبر 2021 - اثبات ايراد استثمار عقارى ناتج عن ملحق عقد بالزياده فى قيمه الوحده,نزهة العبور ( وحدات مباعه ),نزهة العبور ( وحدات مباعه ),الاستثمار,"170,860.00 ",7007,,,,,,,,,,,,,
01-Dec-2021,2335,تسوية عملاء استثمار عقارى ديسمبر 2021 - الغاء وحده نتيجه فسخ العقد ,رؤية ( وحدات مباعه ),رؤية ( وحدات مباعه ),الاستثمار,"(1,427,391.00)",7003,,,,,,,,,,,,,
01-Dec-2021,2336,تسوية عملاء استثمار عقارى ديسمبر 2021 - تصحيح ماتم قيده بالخطأ فى قيد الربع الثالث ,نزهة العبور ( وحدات مباعه ),نزهة العبور ( وحدات مباعه ),الاستثمار,"(104,940.00)",7007,,,,,,,,,,,,,
01-Dec-2021,2339,تسوية عملاء استثمار عقارى ديسمبر 2021 - اثبات الغاء وحده بمشروع دارنا نتيجه فسخ عقد الوحده,كارفور- دارنا ( وحدات مباعه ),كارفور- دارنا ( وحدات مباعه ),الاستثمار,"(642,540.00)",7001,,,,,,,,,,,,,
01-Dec-2021,2341,تسوية عملاء استثمار عقارى ديسمبر 2021 - اثبات فروق ايراد وتكاليف اسثنمار عقارى لوحدات مباعه ومسلمه للعملاء,رؤية ( وحدات مباعه ),رؤية ( وحدات مباعه ),الاستثمار,"3,015,165.00 ",7003,,,,,,,,,,,,,
01-Dec-2021,2342,تسوية عملاء استثمار عقارى ديسمبر 2021 - اثبات مبيعات وحدات بالمشروع تم تسليمها للعملاء,رؤية ( وحدات مباعه ),رؤية ( وحدات مباعه ),الاستثمار,"22,530,400.00 ",7003,,,,,,,,,,,,,
01-Dec-2021,2343,تسوية عملاء استثمار عقارى ديسمبر 2021 - اثبات تحويل جزء من الايراد المؤجل الى ايراد الاستثمار العقارى,رؤية ( وحدات مباعه ),رؤية ( وحدات مباعه ),الاستثمار,"755,456.00 ",7003,,,,,,,,,,,,,
01-Dec-2021,2344,تسوية عملاء استثمار عقارى ديسمبر 2021 - اثبات تحويل جزء من الايراد المؤجل الى ايراد الاستثمار العقارى,كارفور- دارنا ( وحدات مباعه ),كارفور- دارنا ( وحدات مباعه ),الاستثمار,"74,378.00 ",7001,,,,,,,,,,,,,
01-Dec-2021,2344,تسوية عملاء استثمار عقارى ديسمبر 2021 - اثبات تحويل جزء من الايراد المؤجل الى ايراد الاستثمار العقارى, الشمس 70 ( وحدات مباعه ), الشمس 70 ( وحدات مباعه ),الاستثمار,"2,409.00 ",7004,,,,,,,,,,,,,
01-Dec-2021,2344,تسوية عملاء استثمار عقارى ديسمبر 2021 - اثبات تحويل جزء من الايراد المؤجل الى ايراد الاستثمار العقارى,نزهة العبور ( وحدات مباعه ),نزهة العبور ( وحدات مباعه ),الاستثمار,"6,538.00 ",7007,,,,,,,,,,,,,
01-Dec-2021,2344,تسوية عملاء استثمار عقارى ديسمبر 2021 - اثبات تحويل جزء من الايراد المؤجل الى ايراد الاستثمار العقارى,رؤية ( وحدات مباعه ),رؤية ( وحدات مباعه ),الاستثمار,"110,592.00 ",7003,,,,,,,,,,,,,
01-Dec-2021,2344,تسوية عملاء استثمار عقارى ديسمبر 2021 - اثبات تحويل جزء من الايراد المؤجل الى ايراد الاستثمار العقارى,جراج عمارة 14 دارنا ( وحدات مباعه ),جراج عمارة 14 دارنا ( وحدات مباعه ),الاستثمار,"4,158.00 ",7006,,,,,,,,,,,,,
01-Dec-2021,2344,تسوية عملاء استثمار عقارى ديسمبر 2021 - اثبات تحويل جزء من الايراد المؤجل الى ايراد الاستثمار العقارى,رووف العبور ( وحدات مباعه ),رووف العبور ( وحدات مباعه ),الاستثمار,774.00 ,7008,,,,,,,,,,,,,
01-Dec-2021,2344,تسوية عملاء استثمار عقارى ديسمبر 2021 - اثبات تحويل جزء من الايراد المؤجل الى ايراد الاستثمار العقارى,نزهة العبور ( وحدات مباعه ),نزهة العبور ( وحدات مباعه ),الاستثمار,"143,400.00 ",7007,,,,,,,,,,,,,
01-Dec-2021,2345,تسوية عملاء استثمار عقارى ديسمبر 2021 - اثبات تحويل جزء من الايراد المؤجل الى ايراد الاستثمار العقارى,رؤية ( وحدات مباعه ),رؤية ( وحدات مباعه ),الاستثمار,"220,855.00 ",7003,,,,,,,,,,,,,
01-Dec-2021,2346,تسوية عملاء استثمار عقارى ديسمبر 2021 -  اثبات خصم تعجيل السداد نتيجه سداد باقى قيمه الوحده نقدا,رؤية ( وحدات مباعه ),رؤية ( وحدات مباعه ),الاستثمار,"(150,000.00)",7003,,,,,,,,,,,,,
01-Dec-2021,2347,تسوية عملاء استثمار عقارى ديسمبر 2021 - اثبات خصم تعجيل السداد نتيجه سداد باقى قيمه الوحده نقدا,رؤية ( وحدات مباعه ),رؤية ( وحدات مباعه ),الاستثمار,"(40,440.00)",7003,,,,,,,,,,,,,
01-Dec-2021,2831,تسوية عملاء استثمار عقارى - اثبات مبيعات وحدات,رؤية ( وحدات مباعه ),رؤية ( وحدات مباعه ),الاستثمار,"53,978,157.00 ",7003,,,,,,,,,,,,,
01-Dec-2021,2832,تسوية عملاء استثمار عقارى - اثبات فرق ايراد وتكلفه استثمار عقارى لوحدات مسلمه ومباعه,رؤية ( وحدات مباعه ),رؤية ( وحدات مباعه ),الاستثمار,"2,587,973.00 ",7003,,,,,,,,,,,,,
01-Dec-2021,2833,تسوية عملاء استثمار عقارى - اثبات تحويل جزء من الايراد المؤجل الى لايراد الوحدات داخل محفظه التوزيع,رؤية ( وحدات مباعه ),رؤية ( وحدات مباعه ),الاستثمار,"556,200.00 ",7003,,,,,,,,,,,,,
01-Oct-2021,1599,مبيعات خرسانة - محمود يحي,محطه خلط رويه,محطه خلط رويه,محطات خلط الخرسانه,"6,315.79 ",3001,,,,,,,,,,,,,
01-Nov-2021,1628,اعادة تبويب,محطه خلط رويه,محطه خلط رويه,محطات خلط الخرسانه,"6,493.00 ",3001,,,,,,,,,,,,,
01-Nov-2021,1623,الدوليه للمقاولات ,المخزن,المخزن,مخزن الاسمنت,"239,698.77 ",9001,,,,,,,,,,,,,
01-Nov-2021,1624,الدوليه للمقاولات ,المخزن,المخزن,مخزن الاسمنت,"241,780.35 ",9001,,,,,,,,,,,,,
01-Nov-2021,1625,الدوليه للمقاولات ,المخزن,المخزن,مخزن الاسمنت,"355,672.46 ",9001,,,,,,,,,,,,,
01-Nov-2021,1626,الدوليه للمقاولات ,المخزن,المخزن,مخزن الاسمنت,"264,994.91 ",9001,,,,,,,,,,,,,
01-Dec-2021,1923,الدوليه للمقاولات والتوريدات,المخزن,المخزن,مخزن الاسمنت,"181,652.46 ",9001,,,,,,,,,,,,,
01-Dec-2021,1924,الدوليه للمقاولات والتوريدات,المخزن,المخزن,مخزن الاسمنت,"62,249.12 ",9001,,,,,,,,,,,,,
01-Dec-2021,1925,الدوليه للمقاولات والتوريدات,المخزن,المخزن,مخزن الاسمنت,"122,119.30 ",9001,,,,,,,,,,,,,
01-Dec-2021,1926,بدايه للطرق والمقاولات,المخزن,المخزن,مخزن الاسمنت,"170,526.32 ",9001,,,,,,,,,,,,,
01-Dec-2021,3198,تسوية عملاء مقاولات - تسوية مستخلص ختامى بعد الصرف,مبنى خدمات الفحص الفني - بورسعيد,مبنى خدمات الفحص الفني - بورسعيد,المقاولات,"(7,972,683.34)",4079,,,,,,,,,,,,,
01-Dec-2021,3196,تسوية عملاء مقاولات 31/12/2021,الاسمرات,الاسمرات,المقاولات,"(1,170.00)",4029,,,,,,,,,,,,,
01-Dec-2021,3223,تسوية عملاء مقاولات 31/12/2021,مستقبل مصر,مستقبل مصر,المقاولات,"11,180,000.00 ",4125,,,,,,,,,,,,,
01-Dec-2021,0,ايراد السعوديه - خلال الربع الرابع 2021,عملية سارى - مقاولات,عملية سارى - مقاولات,تكاليف السعوديه,"17,730,506.00 ",8001,,,,,,,,,,,,,
01-Dec-2021,3227,تسوية عملاء مقاولات - تسويه مستخلصات ميزانيه,كوبري تقاطع ترسا مع المريوطية - اللبيني ,كوبري تقاطع ترسا مع المريوطية - اللبيني ,المقاولات,"(6,666,666.67)",4098,,,,,,,,,,,,,
01-Dec-2021,3228,تسوية عملاء مقاولات - تسويه مستخلصات ميزانيه,22عمارة القاهرة,22عمارة القاهرة,المقاولات,"(2,669,416.05)",4082,,,,,,,,,,,,,
01-Dec-2021,3229,تسوية عملاء مقاولات - تسويه مستخلصات ميزانيه,مول ستون ستريت,مول ستون ستريت,المقاولات,"(5,000,000.00)",4075,,,,,,,,,,,,,
01-Dec-2021,3062,قيد اثبات عقد التوريق الخاص بالمجموعه الماليه - هيرمس,رؤية ( وحدات مباعه ),رؤية ( وحدات مباعه ),الاستثمار,"(7,304,255.00)",7003,,,,,,,,,,,,,
Total,,,,,,"1,549,550,136.61 ",,,,,,,,,,,,,,
,,,,,,"1,549,392,009.61 ",,,,,,,,,,,,,,
,,,,,,"(158,127.00)",,,,,,,,,,,,,,
,,,,,,,,,,,,,,,,,,,,
,,,,,,"59,463,738.00 ",,,,,,,,,,,,,,
,,,,,,,,,,,,,,,,,,,,
,,,,,,,,,,,,,,,,,,,,
,,,,,,,,,,,,,,,,,,,,
,,,,,,,,,,,,,,,,,,,,
,,,,,,,,,,,,,,,,,,,,
,,,,,,,,,,,,,,,,,,,,
,,,,,,,,,,,,,,,,,,,,
,,,,,,,,,,,,,,,,,,,,
,,,,,,,,,,,,,,,,,,,,
,,,,,,,,,,,,,,,,,,,,
,,,,,,,,,,,,,,,,,,,,
,,,,,,,,,,,,,,,,,,,,
,,,,,,,,,,,,,,,,,,,,
,,,,,,,,,,,,,,,,,,,,
,,,,,,,,,,,,,,,,,,,,
,,,,,,,,,,,,,,,,,,,,
,,,,,,,,,,,,,,,,,,,,
